"Symbol","Date","Open","High","Low","Close","Percent Change","Volume"
"MLBL","2021-12-02","660","660","611","620","-4.32","199585"
"MLBL","2021-12-01","663","663","640","648","-0.31","114361"
"MLBL","2021-11-30","629","659.9","623","650","5.28","219049"
"MLBL","2021-11-29","665","691.8","605.3","617.4","-5.31","949154"
"MLBL","2021-11-28","689","696","643.5","652","-7.25","449129"
"MLBL","2021-11-25","713","729","699","703","-1.95","227434"
"MLBL","2021-11-24","707","730","705.1","717","-0.57","159977"
"MLBL","2021-11-23","740","748","712","721.1","-2.55","143579"
"MLBL","2021-11-22","754","765","740","740","0.00","462197"
"MLBL","2021-11-21","754.8","800.8","725.2","740","0.00","682071"
"MLBL","2021-11-18","746.9","838","740","740","-2.89","753041"
"MLBL","2021-11-17","806.6","806.6","759.3","762","-7.41","501124"
"MLBL","2021-11-16","750","825","735","823","9.73","493830"
"MLBL","2021-11-15","769.3","800.2","725","750","-4.46","474864"
"MLBL","2021-11-14","701","785.9","696","785","9.87","379514"
"MLBL","2021-11-11","809","809","714.5","714.5","-9.99","656213"
"MLBL","2021-11-09","864.4","864.4","793.8","793.8","-10.00","62320"
"MLBL","2021-11-08","787","883","740.8","882","9.84","678625"
"MLBL","2021-11-03","744","803","720","803","10.00","479520"
"MLBL","2021-11-02","708.9","735","695.1","730","5.04","651976"
"MLBL","2021-11-01","675","720","670","695","4.04","523925"
"MLBL","2021-10-31","632.4","675","615.2","668","7.74","271606"
"MLBL","2021-10-28","639.5","639.5","613","620","-1.12","129829"
"MLBL","2021-10-27","627","644","609.6","627","0.00","167682"
"MLBL","2021-10-26","610","633","601","627","3.64","181152"
"MLBL","2021-10-25","592","615","568","605","0.17","269663"
"MLBL","2021-10-24","560","604","549","604","7.86","85711"
"MLBL","2021-10-21","588.59","601","559","560","-3.11","41305"
"MLBL","2021-10-20","590.5","612","566.5","578","-0.17","74076"
"MLBL","2021-10-19","594.6","594.6","545","579","-2.62","106382"
"MLBL","2021-10-18","573","594.6","555","594.6","1.99","100245"
"MLBL","2021-10-17","587","595","565","583","1.22","45499"
"MLBL","2021-10-11","643","643","574","576","-8.76","212485"
"MLBL","2021-10-10","597","631.3","568","631.3","7.73","182631"
"MLBL","2021-10-06","545","586","535.2","586","9.53","126166"
"MLBL","2021-10-05","520","550.7","515.1","535","2.27","33835"
"MLBL","2021-10-04","525","539","516","523.1","-1.12","55560"
"MLBL","2021-10-03","552.8","552.8","528","529","-2.40","95118"
"MLBL","2021-09-30","565","565","535","542","-2.88","54158"
"MLBL","2021-09-29","540","560.8","526","558.1","3.35","115966"
"MLBL","2021-09-28","547","567.7","537","540","-3.23","91740"
"MLBL","2021-09-27","574","574","545","558","-2.11","120679"
"MLBL","2021-09-26","601","610","566","570","-3.39","120108"
"MLBL","2021-09-23","608.9","615","578.2","590","-1.17","184035"
"MLBL","2021-09-22","557","600","557","597","9.14","223281"
"MLBL","2021-09-21","535","570","521.5","547","0.92","156700"
"MLBL","2021-09-20","592.6","592.6","540.1","542","-6.71","198128"
"MLBL","2021-09-16","595.9","605","570","581","-4.44","195153"
"MLBL","2021-09-15","627","627","605","608","-2.56","189100"
"MLBL","2021-09-14","636","645","619","624","-1.73","110965"
"MLBL","2021-09-13","647","662","626","635","0.00","251520"
"MLBL","2021-09-12","608.9","638","605","635","6.37","272647"
"MLBL","2021-09-09","606","624","585","597","0.00","127035"
"MLBL","2021-09-08","619","619","593","597","-3.55","131583"
"MLBL","2021-09-07","645","645.1","610.1","619","-2.13","162196"
"MLBL","2021-09-06","570","632.5","559","632.5","10.00","310950"
"MLBL","2021-09-05","630","635","571.5","575","-9.45","329453"
"MLBL","2021-09-02","652.1","665","630","635","-3.66","171198"
"MLBL","2021-09-01","665","675.1","638","659.1","-0.14","168856"
"MLBL","2021-08-31","680","686.9","655","660","-4.35","316062"
"MLBL","2021-08-29","714","720","678","690","-1.43","323187"
"MLBL","2021-08-26","685.4","715","657","700","4.17","462286"
"MLBL","2021-08-25","714","714","653.7","672","-4.00","335708"
"MLBL","2021-08-24","712.5","744","699","700","-3.71","354614"
"MLBL","2021-08-19","760","777","724","727","-3.20","427184"
"MLBL","2021-08-18","683","751.3","665","751","9.96","787390"
"MLBL","2021-08-17","635","695","635","683","7.56","377862"
"MLBL","2021-08-16","612","655","600","635","3.76","402927"
"MLBL","2021-08-15","623.7","652","574","612","-1.88","718817"
"MLBL","2021-08-12","567","623.7","557","623.7","10.00","623102"
"MLBL","2021-08-11","575.5","609","545","567","0.48","293733"
"MLBL","2021-08-10","518","564.3","517","564.3","10.00","623746"
"MLBL","2021-08-09","528.3","528.3","510.1","513","-0.97","124476"
"MLBL","2021-08-08","512","525","506","518","3.19","246061"
"MLBL","2021-08-05","500","514","490","502","2.24","340046"
"MLBL","2021-08-04","489","494","480.1","491","0.82","98562"
"MLBL","2021-08-03","486","490","479.3","487","0.21","66495"
"MLBL","2021-08-02","503","503","479","486","-1.56","90824"
"MLBL","2021-08-01","504","515","493.7","493.7","-0.86","159300"
"MLBL","2021-07-29","495","500","487","498","2.05","294975"
"MLBL","2021-07-28","488.5","495","479","488","1.88","191788"
"MLBL","2021-07-27","470","484","456","479","1.91","177735"
"MLBL","2021-07-26","481","485","465.2","470","-2.08","175535"
"MLBL","2021-07-25","489","489","476.3","480","-0.21","165009"
"MLBL","2021-07-22","490.6","505","478","481","0.00","321883"
"MLBL","2021-07-20","480","485","475.1","481","0.84","123322"
"MLBL","2021-07-19","482","499","476","477","-0.63","228377"
"MLBL","2021-07-18","450","484.5","450","480","7.87","305402"
"MLBL","2021-07-15","457","460","445","445","-1.98","125734"
"MLBL","2021-07-14","476","476","448","454","0.00","72890"
"MLBL","2021-07-13","446","464","444","454","0.89","130323"
"MLBL","2021-07-12","470","472","441","450","-3.23","314073"
"MLBL","2021-07-11","425","465","425","465","9.93","274411"
"MLBL","2021-07-08","407","424","405","423","4.44","158378"
"MLBL","2021-07-07","406","412","401","405","0.75","84224"
"MLBL","2021-07-06","400","413","396","402","0.00","59614"
"MLBL","2021-07-05","411","414","400","402","-1.47","47013"
"MLBL","2021-07-04","432","432","408","408","-0.97","90174"
"MLBL","2021-07-01","402","418","396","412","4.30","201675"
"MLBL","2021-06-30","393","408","373","395","2.07","105537"
"MLBL","2021-06-29","416","416","385","387","-2.52","96151"
"MLBL","2021-06-28","408","408","391","397","-1.49","88404"
"MLBL","2021-06-27","403","406","397","403","0.25","86984"
"MLBL","2021-06-24","411","411","395","402","-0.25","73386"
"MLBL","2021-06-23","443","443","402","403","-4.50","158773"
"MLBL","2021-06-22","418","425","389","422","5.76","241779"
"MLBL","2021-06-21","452","452","399","399","-7.42","169823"
"MLBL","2021-06-20","449","449","412","431","-2.27","134326"
"MLBL","2021-06-17","445","455","428","441","0.23","207194"
"MLBL","2021-06-16","449","469","425","440","-3.93","190302"
"MLBL","2021-06-15","486","486","455","458","-5.76","202609"
"MLBL","2021-06-14","504","514","484","486","-1.82","360180"
"MLBL","2021-06-13","460","502","455","495","7.61","376034"
"MLBL","2021-06-10","450","461","436","460","0.88","285346"
"MLBL","2021-06-09","495","495","453","456","-0.06","324218"
"MLBL","2021-06-08","450","487","450","487","9.93","400699"
"MLBL","2021-06-07","425","448","422","443","6.49","362541"
"MLBL","2021-06-06","410","417","395","417","2.96","352356"
"MLBL","2021-06-03","414","430","390","405","2.53","413499"
"MLBL","2021-06-02","369","395","358","395","7.05","394493"
"MLBL","2021-06-01","351","371","343","369","5.43","240420"
"MLBL","2021-05-31","370","380","348","350","-3.58","281170"
"MLBL","2021-05-30","338","365","332","363","9.34","403867"
"MLBL","2021-05-27","319","342","314","332","2.15","155138"
"MLBL","2021-05-25","348","348","322","325","-2.11","84623"
"MLBL","2021-05-24","344","357","323","332","-2.92","272517"
"MLBL","2021-05-23","315","342","299","342","9.97","266181"
"MLBL","2021-05-20","298","315","298","311","3.67","99704"
"MLBL","2021-05-19","308","312","300","300","-1.96","63406"
"MLBL","2021-05-18","300","307","300","306","2.34","146143"
"MLBL","2021-05-17","304","306","297","299","-1.32","108770"
"MLBL","2021-05-16","290","303","290","303","5.57","206731"
"MLBL","2021-05-13","286","289","283","287","1.77","37595"
"MLBL","2021-05-12","285","285","280","282","-0.35","26755"
"MLBL","2021-05-11","277","284","277","283","1.07","30371"
"MLBL","2021-05-10","278","281","277","280","0.36","12195"
"MLBL","2021-05-09","278","280","276","279","-0.71","24975"
"MLBL","2021-05-06","283","283","279","281","-0.35","7707"
"MLBL","2021-05-05","296","296","280","282","0.00","15270"
"MLBL","2021-05-04","280","283","280","282","-0.70","21748"
"MLBL","2021-05-03","290","290","282","284","-1.05","17199"
"MLBL","2021-05-02","285","289","280","287","1.06","22365"
"MLBL","2021-04-29","284","284","280","284","1.07","17885"
"MLBL","2021-04-28","285","285","278","281","-1.75","25287"
"MLBL","2021-04-27","280","287","280","286","2.14","54527"
"MLBL","2021-04-26","285","288","278","280","-3.11","69533"
"MLBL","2021-04-25","298","298","284","289","-3.34","135071"
"MLBL","2021-04-22","285","299","279","299","5.28","61876"
"MLBL","2021-04-21","287","292","282","284","-2.74","71535"
"MLBL","2021-04-20","295","306","283","292","-1.02","149173"
"MLBL","2021-04-19","302","303","295","295","-2.32","45890"
"MLBL","2021-04-18","324","324","302","302","-2.27","55682"
"MLBL","2021-04-15","310","318","307","309","-0.32","126615"
"MLBL","2021-04-13","296","310","296","309","4.75","142282"
"MLBL","2021-04-12","294","297","289","295","1.03","85719"
"MLBL","2021-04-08","292","295","287","292","0.00","38748"
"MLBL","2021-04-07","286","295","282","292","2.46","76077"
"MLBL","2021-04-06","278","285","275","285","2.15","39084"
"MLBL","2021-04-05","281","285","278","279","-0.36","46005"
"MLBL","2021-04-04","281","285","279","280","1.08","50091"
"MLBL","2021-04-01","274","279","271","277","1.84","48837"
"MLBL","2021-03-31","270","273","267","272","1.87","53647"
"MLBL","2021-03-30","270","270","265","267","-0.37","18288"
"MLBL","2021-03-29","270","270","265","268","-0.74","9792"
"MLBL","2021-03-25","275","277","265","270","0.00","37979"
"MLBL","2021-03-24","268","270","266","270","0.75","19857"
"MLBL","2021-03-23","274","274","266","268","-1.83","18625"
"MLBL","2021-03-22","278","278","271","273","-0.73","17240"
"MLBL","2021-03-21","279","279","268","275","3.38","52869"
"MLBL","2021-03-18","260","270","260","266","0.76","35328"
"MLBL","2021-03-17","279","279","260","264","-0.75","31463"
"MLBL","2021-03-16","269","270","258","266","-1.12","49825"
"MLBL","2021-03-15","311","311","289","293","-1.35","97334"
"MLBL","2021-03-14","300","304","293","297","-0.67","31577"
"MLBL","2021-03-10","298","302","296","299","0.34","26751"
"MLBL","2021-03-09","304","306","298","298","-1.00","47104"
"MLBL","2021-03-08","316","316","301","301","0.00","69922"
"MLBL","2021-03-04","290","301","290","301","4.51","43665"
"MLBL","2021-03-03","290","292","285","288","-2.04","40317"
"MLBL","2021-03-02","304","304","290","294","-1.67","45024"
"MLBL","2021-03-01","291","300","290","299","0.00","47069"
"MLBL","2021-02-28","310","310","295","295","-2.96","71722"
"MLBL","2021-02-25","310","314","303","304","0.00","77074"
"MLBL","2021-02-24","327","327","303","309","-0.96","112861"
"MLBL","2021-02-23","327","327","300","312","0.00","58433"
"MLBL","2021-02-22","333","333","311","312","-1.89","66724"
"MLBL","2021-02-21","325","325","310","318","-0.02","88514"
"MLBL","2021-02-18","336","336","315","323","0.01","56610"
"MLBL","2021-02-17","315","320","315","320","0.02","70463"
"MLBL","2021-02-16","325","325","310","315","0.02","116427"
"MLBL","2021-02-15","304","312","303","310","0.03","113436"
"MLBL","2021-02-14","320","320","296","300","-0.02","57076"
"MLBL","2021-02-11","306","309","300","305","0.00","94087"
"MLBL","2021-02-10","313","313","292","305","0.02","71649"
"MLBL","2021-02-09","300","300","292","299","0.02","89260"
"MLBL","2021-02-08","287","293","280","293","0.03","120465"
"MLBL","2021-02-07","299","299","283","284","-0.00","74312"
"MLBL","2021-02-04","287","293","284","285","-0.01","94382"
"MLBL","2021-02-03","302","302","286","288","0.00","133031"
"MLBL","2021-02-02","285","291","284","288","0.02","63860"
"MLBL","2021-02-01","278","283","275","283","0.03","63005"
"MLBL","2021-01-31","280","283","274","276","-0.02","61986"
"MLBL","2021-01-28","304","304","281","283","-0.02","88116"
"MLBL","2021-01-27","305","305","284","290","-0.00","55523"
"MLBL","2021-01-26","293","295","289","291","-0.01","41900"
"MLBL","2021-01-25","295","297","290","294","-0.01","59622"
"MLBL","2021-01-24","295","305","295","296","0.02","135526"
"MLBL","2021-01-21","290","300","287","290","0.01","90777"
"MLBL","2021-01-20","284","288","283","286","0.01","111393"
"MLBL","2021-01-19","288","298","279","284","0.00","168268"
"MLBL","2021-01-18","291","291","278","283","0.02","206096"
"MLBL","2021-01-17","278","294","275","278","0.01","154054"
"MLBL","2021-01-13","278","278","273","274","0.00","37047"
"MLBL","2021-01-12","285","285","266","274","0.01","49735"
"MLBL","2021-01-11","276","280","269","272","-0.01","61921"
"MLBL","2021-01-10","255","276","255","276","0.08","128188"
"MLBL","2021-01-07","256","259","253","255","0.02","66881"
"MLBL","2021-01-06","238","255","237","251","0.05","67104"
"MLBL","2021-01-05","245","245","238","240","-0.00","31402"
"MLBL","2021-01-04","239","244","237","241","0.01","60676"
"MLBL","2021-01-03","232","240","232","239","0.03","37168"
"MLBL","2020-12-31","233","235","230","233","0.01","27585"
"MLBL","2020-12-30","230","232","230","231","0.00","8048"
"MLBL","2020-12-29","231","237","229","230","-0.01","22765"
"MLBL","2020-12-28","232","235","230","232","-0.02","33922"
"MLBL","2020-12-27","238","242","232","236","-0.01","21853"
"MLBL","2020-12-24","238","242","234","238","0.00","20892"
"MLBL","2020-12-23","245","245","237","238","-0.01","51187"
"MLBL","2020-12-22","235","246","235","241","0.03","14743"
"MLBL","2020-12-21","237","238","225","235","-0.01","43494"
"MLBL","2020-12-20","243","246","235","237","-0.04","33616"
"MLBL","2020-12-17","250","251","245","247","-0.02","14059"
"MLBL","2020-12-16","249","255","240","251","0.00","34348"
"MLBL","2020-12-15","255","257","250","251","0.00","74754"
"MLBL","2020-12-14","245","250","242","250","0.02","21773"
"MLBL","2020-12-13","242","248","242","245","0.01","23475"
"MLBL","2020-12-10","243","244","239","242","-0.02","25910"
"MLBL","2020-12-09","261","261","236","247","-0.01","158511"
"MLBL","2020-12-08","260","260","242","249","0.00","36003"
"MLBL","2020-12-07","250","250","231","248","0.04","19192"
"MLBL","2020-12-06","245","246","238","239","-0.04","30546"
"MLBL","2020-12-03","255","255","245","249","-0.01","51045"
"MLBL","2020-12-02","250","255","249","252","-0.00","52777"
"MLBL","2020-12-01","254","262","249","253","-0.02","41791"
"MLBL","2020-11-30","275","277","251","258","-0.03","60258"
"MLBL","2020-11-29","246","267","246","267","0.10","123877"
"MLBL","2020-11-26","255","255","241","243","-0.03","53064"
"MLBL","2020-11-25","246","252","244","250","0.03","45789"
"MLBL","2020-11-24","241","245","240","243","0.01","61793"
"MLBL","2020-11-23","233","245","233","241","0.03","73074"
"MLBL","2020-11-22","239","251","235","235","0.00","57152"
"MLBL","2020-11-19","230","236","230","235","0.00","45310"
"MLBL","2020-11-18","231","234","230","231","0.00","12175"
"MLBL","2020-11-12","231","233","230","231","--","17388"
"MLBL","2020-11-11","235","235","228","231","0.00","21425"
"MLBL","2020-11-10","230","233","228","231","1.32","19896"
"MLBL","2020-11-09","228","231","225","228","0.44","23144"
"MLBL","2020-11-08","232","232","225","227","-0.44","27915"
"MLBL","2020-11-05","226","228","225","228","0.00","19736"
"MLBL","2020-11-04","233","233","228","228","-0.44","25295"
"MLBL","2020-11-03","232","234","229","229","-2.55","24571"
"MLBL","2020-11-02","234","236","233","235","0.00","23536"
"MLBL","2020-11-01","234","236","233","235","0.00","27215"
"MLBL","2020-10-29","240","242","235","235","-1.26","61994"
"MLBL","2020-10-28","235","239","232","238","2.15","25617"
"MLBL","2020-10-22","235","235","231","233","0.43","15080"
"MLBL","2020-10-21","234","234","230","232","0.87","7592"
"MLBL","2020-10-20","230","231","228","230","0.44","7943"
"MLBL","2020-10-19","222","229","222","229","3.15","13511"
"MLBL","2020-10-18","223","224","222","222","-1.77","11433"
"MLBL","2020-10-15","230","230","223","226","0.00","11794"
"MLBL","2020-10-14","236","236","226","226","-2.59","23481"
"MLBL","2020-10-13","237","239","230","232","-1.28","50082"
"MLBL","2020-10-12","229","238","225","235","2.62","76694"
"MLBL","2020-10-11","228","235","225","229","0.44","70038"
"MLBL","2020-10-08","236","237","227","228","-3.80","46403"
"MLBL","2020-10-07","230","237","229","237","2.60","83740"
"MLBL","2020-10-06","225","232","224","231","2.21","81806"
"MLBL","2020-10-05","224","227","221","226","1.80","93595"
"MLBL","2020-10-04","216","224","214","222","4.72","83291"
"MLBL","2020-10-01","209","213","209","212","2.42","45035"
"MLBL","2020-09-30","205","209","202","207","0.98","19726"
"MLBL","2020-09-29","205","205","203","205","0.00","10842"
"MLBL","2020-09-28","205","208","204","205","0.00","10930"
"MLBL","2020-09-27","200","207","200","205","0.49","11841"
"MLBL","2020-09-24","205","205","202","204","-0.97","12057"
"MLBL","2020-09-23","198","206","198","206","3.00","7240"
"MLBL","2020-09-22","203","207","200","200","-1.96","31745"
"MLBL","2020-09-21","205","207","202","204","-0.97","14625"
"MLBL","2020-09-20","209","213","204","206","0.49","33342"
"MLBL","2020-09-17","195","211","195","205","4.06","47275"
"MLBL","2020-09-16","193","199","193","197","1.03","8964"
"MLBL","2020-09-15","199","199","195","195","-1.52","33770"
"MLBL","2020-09-14","194","199","192","198","2.59","21645"
"MLBL","2020-09-13","193","194","191","193","0.00","15558"
"MLBL","2020-09-10","191","195","191","193","0.00","8830"
"MLBL","2020-09-09","192","193","191","193","0.52","9494"
"MLBL","2020-09-08","194","194","190","192","-1.03","8489"
"MLBL","2020-09-07","191","196","191","194","0.00","10949"
"MLBL","2020-09-06","206","206","193","194","-1.52","9641"
"MLBL","2020-09-03","194","197","192","197","1.03","5970"
"MLBL","2020-09-02","195","197","193","195","0.52","13852"
"MLBL","2020-08-31","196","196","192","194","0.00","5178"
"MLBL","2020-08-30","191","194","190","194","1.57","3522"
"MLBL","2020-08-27","196","197","190","191","-3.54","14816"
"MLBL","2020-08-26","189","201","189","198","4.21","9668"
"MLBL","2020-08-25","192","198","189","190","-1.04","21636"
"MLBL","2020-08-24","190","193","191","192","0.52","8592"
"MLBL","2020-08-23","190","192","187","191","2.14","3930"
"MLBL","2020-08-20","184","198","183","187","1.08","3796"
"MLBL","2020-08-19","185","187","183","185","-1.60","23276"
"MLBL","2020-08-18","187","190","186","188","-0.53","18280"
"MLBL","2020-08-17","186","190","186","189","0.53","5139"
"MLBL","2020-08-16","193","193","186","188","-4.08","22478"
"MLBL","2020-08-13","195","197","195","196","-1.01","3149"
"MLBL","2020-08-12","196","199","195","198","0.00","1947"
"MLBL","2020-08-11","199","200","196","198","-1.00","7489"
"MLBL","2020-08-10","196","200","194","200","3.09","11393"
"MLBL","2020-08-09","189","197","189","194","1.04","6965"
"MLBL","2020-08-06","191","192","190","192","0.52","4456"
"MLBL","2020-08-05","193","196","191","191","-1.55","8075"
"MLBL","2020-08-03","192","201","189","194","-0.51","8778"
"MLBL","2020-08-02","196","198","194","195","-2.01","6480"
"MLBL","2020-07-30","193","201","193","199","1.53","11958"
"MLBL","2020-07-29","202","202","196","196","-2.00","14435"
"MLBL","2020-07-28","200","208","200","200","-1.48","7921"
"MLBL","2020-07-27","205","210","203","203","0.00","8560"
"MLBL","2020-07-26","207","207","202","203","-1.46","10207"
"MLBL","2020-07-23","205","210","205","206","0.00","7839"
"MLBL","2020-07-22","210","211","206","206","-0.48","28225"
"MLBL","2020-07-21","203","211","200","207","1.97","31149"
"MLBL","2020-07-20","203","213","203","203","4.64","44958"
"MLBL","2020-07-19","194","194","194","194","1.57","20"
"MLBL","2020-07-16","183","191","183","191","4.37","12023"
"MLBL","2020-07-15","182","185","181","183","1.10","11134"
"MLBL","2020-07-14","184","185","180","181","-1.09","6781"
"MLBL","2020-07-13","182","190","182","183","0.55","5827"
"MLBL","2020-07-12","182","185","179","182","0.55","9705"
"MLBL","2020-07-09","183","183","180","181","-1.09","9973"
"MLBL","2020-07-08","184","185","181","183","-2.14","15085"
"MLBL","2020-07-07","182","189","180","187","2.75","25500"
"MLBL","2020-07-06","180","184","177","182","0.00","16956"
"MLBL","2020-07-05","183","183","174","182","-0.55","11660"
"MLBL","2020-07-02","196","202","182","183","-5.18","1053"
"MLBL","2020-07-01","190","193","190","193","3.21","2688"
"MLBL","2020-06-30","175","187","175","187","6.25","2501"
"MLBL","2020-06-29","191","191","182","176","-6.19","5033"
"MLBL","2020-05-13","194","194","194","194","-1.52","10"
"MLBL","2020-03-22","194","197","194","197","1.55","2041"
"MLBL","2020-03-19","194","197","188","194","-1.52","40986"
"MLBL","2020-03-18","199","199","191","197","-1.50","9219"
"MLBL","2020-03-17","200","201","196","200","-1.48","18872"
"MLBL","2020-03-16","197","207","194","203","1.50","6889"
"MLBL","2020-03-15","211","211","200","200","-6.10","28875"
"MLBL","2020-03-12","210","220","207","213","0.00","36560"
"MLBL","2020-03-11","213","224","209","213","1.91","42255"
"MLBL","2020-03-10","217","217","207","209","-5.43","7661"
"MLBL","2020-03-05","215","224","215","221","0.91","28483"
"MLBL","2020-03-04","222","226","219","219","-3.10","25961"
"MLBL","2020-03-03","223","230","219","226","1.35","25049"
"MLBL","2020-03-02","234","236","223","223","-6.30","21536"
"MLBL","2020-03-01","247","251","234","238","-3.64","45656"
"MLBL","2020-02-27","245","249","240","247","-1.20","34388"
"MLBL","2020-02-26","250","255","244","250","0.40","25075"
"MLBL","2020-02-25","233","251","233","249","5.06","33924"
"MLBL","2020-02-24","238","243","232","237","-0.42","24729"
"MLBL","2020-02-23","226","238","225","238","7.21","37394"
"MLBL","2020-02-20","223","225","222","222","-0.45","12229"
"MLBL","2020-02-19","223","225","219","223","1.36","32675"
"MLBL","2020-02-18","223","225","219","220","0.46","24631"
"MLBL","2020-02-17","218","222","215","219","1.86","41129"
"MLBL","2020-02-16","215","216","213","215","0.94","22154"
"MLBL","2020-02-13","216","217","213","213","-1.39","18523"
"MLBL","2020-02-12","217","218","214","216","0.47","17547"
"MLBL","2020-02-11","210","217","210","215","0.47","32856"
"MLBL","2020-02-10","208","214","208","214","1.90","45202"
"MLBL","2020-02-09","213","213","210","210","-1.41","24874"
"MLBL","2020-02-06","213","221","211","213","0.95","53662"
"MLBL","2020-02-05","210","212","209","211","-0.94","12941"
"MLBL","2020-02-04","210","218","210","213","-0.47","18946"
"MLBL","2020-02-03","210","220","204","214","0.94","42414"
"MLBL","2020-02-02","210","216","206","212","0.95","16637"
"MLBL","2020-01-30","202","210","202","210","3.96","5593"
"MLBL","2020-01-29","204","205","202","202","-0.98","5665"
"MLBL","2020-01-28","207","210","203","204","-0.97","2937"
"MLBL","2020-01-27","199","206","197","206","3.00","14683"
"MLBL","2020-01-26","200","202","199","200","-0.99","13369"
"MLBL","2020-01-23","206","207","202","202","-3.81","7083"
"MLBL","2020-01-22","205","210","205","210","1.94","6556"
"MLBL","2020-01-21","209","211","206","206","-1.44","13399"
"MLBL","2020-01-20","218","218","205","209","-5.00","15933"
"MLBL","2020-01-19","215","220","210","220","4.27","42050"
"MLBL","2020-01-16","197","211","197","211","5.50","18750"
"MLBL","2020-01-15","197","200","193","200","3.09","10159"
"MLBL","2020-01-14","190","194","188","194","2.11","7539"
"MLBL","2020-01-13","186","194","186","190","2.70","12960"
"MLBL","2020-01-12","182","192","182","185","0.54","3750"
"MLBL","2020-01-09","180","184","178","184","2.22","9929"
"MLBL","2020-01-08","181","183","179","180","0.00","16618"
"MLBL","2020-01-07","176","181","176","180","2.86","7916"
"MLBL","2020-01-06","178","179","175","175","0.00","6503"
"MLBL","2020-01-05","177","178","175","175","0.00","4015"
"MLBL","2020-01-02","174","177","173","175","0.57","2569"
"MLBL","2020-01-01","172","175","172","174","1.16","885"
"MLBL","2019-12-31","170","175","170","172","1.18","1365"
"MLBL","2019-12-30","171","171","170","170","-0.58","1060"
"MLBL","2019-12-29","171","173","171","171","-1.16","1329"
"MLBL","2019-12-26","176","176","173","173","-1.14","1218"
"MLBL","2019-12-25","173","175","173","175","2.34","2485"
"MLBL","2019-12-24","173","174","171","171","-1.72","7440"
"MLBL","2019-12-23","175","176","172","174","0.00","2489"
"MLBL","2019-12-22","174","175","172","174","0.00","10891"
"MLBL","2019-12-19","175","175","174","174","-1.69","2604"
"MLBL","2019-12-18","174","177","174","177","0.57","1122"
"MLBL","2019-12-17","172","176","171","176","1.73","223"
"MLBL","2019-12-16","175","178","173","173","-2.81","2199"
"MLBL","2019-12-15","181","181","177","177","-1.67","1018"
"MLBL","2019-12-12","178","181","177","180","0.00","6223"
"MLBL","2019-12-11","180","181","178","180","1.12","3350"
"MLBL","2019-12-10","177","178","175","178","-1.11","821"
"MLBL","2019-12-09","178","180","174","180","1.12","9165"
"MLBL","2019-12-08","172","178","172","178","3.49","3629"
"MLBL","2019-12-05","172","174","171","172","-0.58","4772"
"MLBL","2019-12-04","172","174","172","173","0.58","3552"
"MLBL","2019-12-03","170","173","170","172","0.58","2657"
"MLBL","2019-12-02","172","172","170","171","-0.58","4824"
"MLBL","2019-12-01","170","172","169","172","0.58","820"
"MLBL","2019-11-28","173","173","170","171","-2.84","1852"
"MLBL","2019-11-27","167","176","167","176","3.53","1115"
"MLBL","2019-11-26","169","170","169","170","0.00","10222"
"MLBL","2019-11-25","171","172","170","170","-1.73","2414"
"MLBL","2019-11-24","175","175","170","173","-1.14","21712"
"MLBL","2019-11-21","176","176","172","175","-0.57","15836"
"MLBL","2019-11-20","179","179","172","176","-0.56","27758"
"MLBL","2019-11-19","179","179","177","177","-0.56","4164"
"MLBL","2019-11-18","182","182","178","178","-0.56","473"
"MLBL","2019-11-17","184","184","179","179","-2.72","5837"
"MLBL","2019-11-14","184","184","184","184","0.00","14"
"MLBL","2019-11-13","181","184","181","184","0.00","1741"
"MLBL","2019-11-12","187","189","180","184","-2.64","397"
"MLBL","2019-11-11","180","189","180","189","3.85","6952"
"MLBL","2019-11-10","183","184","178","182","-0.55","4770"
"MLBL","2019-11-07","189","190","183","183","-2.14","2185"
"MLBL","2019-11-06","195","192","186","187","-4.28","3947"
"MLBL","2019-11-05","213","214","210","211","-0.47","41268"
"MLBL","2019-11-04","214","214","212","212","-0.47","4380"
"MLBL","2019-11-03","214","215","212","213","-0.47","7379"
"MLBL","2019-10-31","214","218","212","214","0.00","10111"
"MLBL","2019-10-24","213","214","212","214","0.47","3868"
"MLBL","2019-10-23","213","213","212","213","0.00","1999"
"MLBL","2019-10-22","212","213","211","213","-0.47","1017"
"MLBL","2019-10-21","213","215","213","214","0.00","20685"
"MLBL","2019-10-20","214","215","212","214","0.94","2373"
"MLBL","2019-10-17","216","216","212","212","-1.85","9540"
"MLBL","2019-10-16","213","220","215","216","-0.46","7244"
"MLBL","2019-10-15","216","217","216","217","0.93","15673"
"MLBL","2019-10-14","217","218","214","215","-0.92","9126"
"MLBL","2019-10-10","216","217","213","217","1.40","16348"
"MLBL","2019-10-03","214","214","213","214","0.94","2236"
"MLBL","2019-10-02","215","215","212","212","-0.47","6200"
"MLBL","2019-10-01","212","214","211","213","0.00","8554"
"MLBL","2019-09-30","209","213","209","213","0.95","4462"
"MLBL","2019-09-29","210","211","208","211","1.44","5535"
"MLBL","2019-09-26","209","210","207","208","-0.95","5024"
"MLBL","2019-09-24","209","211","209","211","0.00","1710"
"MLBL","2019-09-23","214","214","209","211","-0.47","5365"
"MLBL","2019-09-22","215","215","209","212","0.47","4822"
"MLBL","2019-09-19","212","213","211","211","-0.94","8356"
"MLBL","2019-09-18","213","214","212","213","-0.47","6973"
"MLBL","2019-09-17","207","214","207","214","3.38","26269"
"MLBL","2019-09-16","207","209","206","207","-0.48","8866"
"MLBL","2019-09-15","210","210","207","208","-1.89","12650"
"MLBL","2019-09-12","211","214","211","212","-0.47","13870"
"MLBL","2019-09-11","213","213","211","213","0.95","11651"
"MLBL","2019-09-10","212","215","209","211","0.00","8993"
"MLBL","2019-09-09","211","211","208","211","0.96","6410"
"MLBL","2019-09-08","212","213","209","209","-1.42","19752"
"MLBL","2019-09-05","215","215","211","212","-0.47","8003"
"MLBL","2019-09-04","209","215","209","213","0.47","33840"
"MLBL","2019-09-03","214","214","206","212","0.95","14927"
"MLBL","2019-09-02","211","211","208","210","-1.41","16916"
"MLBL","2019-09-01","212","214","212","213","0.95","10651"
"MLBL","2019-08-29","210","213","210","211","0.96","11582"
"MLBL","2019-08-28","208","211","208","209","0.48","22549"
"MLBL","2019-08-27","208","209","207","208","0.00","38306"
"MLBL","2019-08-26","210","210","206","208","-1.42","32600"
"MLBL","2019-08-25","212","212","207","211","-0.47","33271"
"MLBL","2019-08-22","214","214","210","212","0.47","34987"
"MLBL","2019-08-21","208","211","207","211","0.96","37259"
"MLBL","2019-08-20","210","210","207","209","-0.95","40504"
"MLBL","2019-08-19","203","212","203","211","3.94","41550"
"MLBL","2019-08-18","205","209","202","203","0.00","31070"
"MLBL","2019-08-15","200","205","199","203","3.05","34331"
"MLBL","2019-08-14","199","200","196","197","-1.01","5325"
"MLBL","2019-08-13","200","201","199","199","0.51","11090"
"MLBL","2019-08-12","200","201","197","198","0.51","5286"
"MLBL","2019-08-11","198","199","197","197","-1.50","2241"
"MLBL","2019-08-08","201","201","198","200","0.00","32661"
"MLBL","2019-08-07","200","202","199","200","0.50","4338"
"MLBL","2019-08-06","200","201","199","199","-1.00","16541"
"MLBL","2019-08-05","200","206","200","201","0.00","15008"
"MLBL","2019-08-04","203","205","201","201","-2.43","961"
"MLBL","2019-08-01","202","206","201","206","0.49","6722"
"MLBL","2019-07-31","199","205","199","205","0.99","5117"
"MLBL","2019-07-30","200","204","199","203","0.50","6571"
"MLBL","2019-07-29","200","202","197","202","2.54","2787"
"MLBL","2019-07-28","196","198","196","197","-1.50","7191"
"MLBL","2019-07-25","201","203","200","200","-1.96","9780"
"MLBL","2019-07-24","203","204","202","204","0.49","7808"
"MLBL","2019-07-23","202","203","200","203","2.01","8903"
"MLBL","2019-07-22","199","201","198","199","-0.50","13046"
"MLBL","2019-07-21","199","200","197","200","0.00","6149"
"MLBL","2019-07-18","205","205","200","200","-0.50","7261"
"MLBL","2019-07-17","195","205","195","201","3.08","19178"
"MLBL","2019-07-16","195","198","194","195","-1.02","2416"
"MLBL","2019-07-15","196","197","194","197","1.55","3122"
"MLBL","2019-07-14","192","195","192","194","1.57","3918"
"MLBL","2019-07-11","190","193","190","191","-1.04","3422"
"MLBL","2019-07-10","195","196","193","193","-2.03","3638"
"MLBL","2019-07-09","193","197","192","197","2.07","8203"
"MLBL","2019-07-08","191","193","190","193","1.05","5436"
"MLBL","2019-07-07","192","193","190","191","-0.52","2790"
"MLBL","2019-07-04","194","195","190","192","-0.52","15275"
"MLBL","2019-07-03","191","195","191","193","0.52","2011"
"MLBL","2019-07-02","191","194","191","192","-1.03","3154"
"MLBL","2019-07-01","190","194","190","194","1.04","3009"
"MLBL","2019-06-30","191","193","191","192","0.00","7661"
"MLBL","2019-06-27","192","193","191","192","-0.52","2624"
"MLBL","2019-06-26","190","194","190","193","0.52","1379"
"MLBL","2019-06-25","193","193","192","192","0.00","2807"
"MLBL","2019-06-24","190","193","190","192","0.52","2967"
"MLBL","2019-06-23","192","193","191","191","-1.55","3177"
"MLBL","2019-06-20","193","194","192","194","-0.51","2959"
"MLBL","2019-06-19","196","196","193","195","0.52","1744"
"MLBL","2019-06-18","191","197","191","194","1.04","19711"
"MLBL","2019-06-17","191","195","191","192","0.00","8899"
"MLBL","2019-06-16","194","194","191","192","-1.03","14102"
"MLBL","2019-06-13","193","195","193","194","-0.51","4348"
"MLBL","2019-06-12","192","196","192","195","0.00","2035"
"MLBL","2019-06-11","194","196","194","195","0.00","4233"
"MLBL","2019-06-10","197","197","193","195","0.52","4025"
"MLBL","2019-06-06","193","197","191","194","0.00","11839"
"MLBL","2019-06-04","195","197","193","194","-0.51","15245"
"MLBL","2019-06-03","196","199","194","195","-1.02","23324"
"MLBL","2019-06-02","197","200","195","197","-0.51","6668"
"MLBL","2019-05-30","200","203","197","198","0.51","18348"
"MLBL","2019-05-29","200","202","197","197","0.00","3385"
"MLBL","2019-05-28","195","197","195","197","0.00","4811"
"MLBL","2019-05-27","193","199","193","197","0.51","1806"
"MLBL","2019-05-26","197","198","196","196","-0.51","9202"
"MLBL","2019-05-23","202","202","196","197","-1.50","5469"
"MLBL","2019-05-22","199","202","197","200","-0.50","9736"
"MLBL","2019-05-21","201","202","196","201","1.01","4649"
"MLBL","2019-05-20","203","209","199","199","-3.86","10272"
"MLBL","2019-05-19","202","207","200","207","2.48","26667"
"MLBL","2019-05-16","195","205","194","202","5.21","41518"
"MLBL","2019-05-15","194","196","192","192","-0.52","15939"
"MLBL","2019-05-14","189","195","188","193","1.58","12474"
"MLBL","2019-05-13","188","190","188","190","0.53","6500"
"MLBL","2019-05-12","190","190","186","189","-0.53","10352"
"MLBL","2019-05-09","187","190","186","190","1.06","8012"
"MLBL","2019-05-08","187","190","187","188","-1.05","2559"
"MLBL","2019-05-07","197","197","188","190","-2.56","6491"
"MLBL","2019-05-06","188","195","185","195","3.72","8386"
"MLBL","2019-05-05","187","190","184","188","-1.05","6702"
"MLBL","2019-05-02","187","192","186","190","0.00","3912"
"MLBL","2019-04-30","190","192","186","190","-1.04","6181"
"MLBL","2019-04-29","193","193","188","192","-1.54","5452"
"MLBL","2019-04-28","200","204","194","195","-1.02","19075"
"MLBL","2019-04-25","188","197","187","197","5.91","22356"
"MLBL","2019-04-24","180","186","180","186","4.49","16854"
"MLBL","2019-04-23","175","178","175","178","1.71","2634"
"MLBL","2019-04-22","178","180","175","175","-1.69","3216"
"MLBL","2019-04-21","174","178","174","178","1.71","9743"
"MLBL","2019-04-18","179","179","175","175","-1.69","2356"
"MLBL","2019-04-17","179","178","174","178","-0.56","2947"
"MLBL","2019-04-16","175","179","175","179","0.56","3227"
"MLBL","2019-04-15","170","178","170","178","3.49","4531"
"MLBL","2019-04-11","172","175","171","172","0.00","4973"
"MLBL","2019-04-10","169","172","169","172","1.18","3193"
"MLBL","2019-04-09","173","174","170","170","-1.73","7864"
"MLBL","2019-04-08","174","175","171","173","-0.57","13456"
"MLBL","2019-04-07","172","174","170","174","2.35","8342"
"MLBL","2019-04-04","170","173","169","170","-1.73","2745"
"MLBL","2019-04-03","168","173","168","173","1.17","7021"
"MLBL","2019-04-02","172","172","169","171","-0.58","3314"
"MLBL","2019-04-01","170","172","168","172","1.78","71131"
"MLBL","2019-03-31","168","171","168","169","0.00","1605"
"MLBL","2019-03-28","168","169","167","169","1.20","6902"
"MLBL","2019-03-27","170","168","167","167","-1.76","5295"
"MLBL","2019-03-26","168","170","168","170","0.00","5041"
"MLBL","2019-03-25","168","170","167","170","1.80","9462"
"MLBL","2019-03-24","169","169","167","167","-1.76","13561"
"MLBL","2019-03-21","164","170","164","170","1.80","3047"
"MLBL","2019-03-19","169","169","167","167","-1.76","2394"
"MLBL","2019-03-18","170","175","168","170","-0.58","13954"
"MLBL","2019-03-17","170","175","170","171","-0.58","1867"
"MLBL","2019-03-14","164","173","164","172","2.99","34013"
"MLBL","2019-03-13","166","170","166","167","0.00","13627"
"MLBL","2019-03-12","168","170","165","168","0.60","4232"
"MLBL","2019-03-11","162","169","160","167","2.45","4367"
"MLBL","2019-03-10","163","166","160","163","-1.81","1032"
"MLBL","2019-03-09","163","166","160","163","-1.81","1032"
"MLBL","2019-03-07","157","166","157","166","5.06","4794"
"MLBL","2019-03-06","158","160","157","158","0.64","1230"
"MLBL","2019-03-05","155","159","155","157","0.64","1204"
"MLBL","2019-03-03","155","158","155","156","-0.64","1732"
"MLBL","2019-02-27","158","160","157","157","-1.87","1862"
"MLBL","2019-02-26","159","160","157","160","0.63","973"
"MLBL","2019-02-25","156","159","156","159","1.92","1804"
"MLBL","2019-02-24","160","161","157","157","-2.48","6631"
"MLBL","2019-02-21","159","161","159","161","0.00","153"
"MLBL","2019-02-20","160","162","160","161","-0.62","927"
"MLBL","2019-02-19","158","163","158","162","1.25","2085"
"MLBL","2019-02-18","163","163","159","160","0.00","4472"
"MLBL","2019-02-17","161","163","160","160","-1.84","17501"
"MLBL","2019-02-14","160","164","160","163","0.00","990"
"MLBL","2019-02-13","166","167","163","163","-1.81","8791"
"MLBL","2019-02-12","169","172","166","166","-3.49","7720"
"MLBL","2019-02-11","164","172","164","172","3.61","2040"
"MLBL","2019-02-10","167","168","165","166","-1.19","2056"
"MLBL","2019-02-07","166","170","166","168","0.60","1476"
"MLBL","2019-02-06","169","169","167","167","-1.18","2543"
"MLBL","2019-02-05","167","170","167","169","0.60","2719"
"MLBL","2019-02-04","168","174","168","168","-0.59","5268"
"MLBL","2019-02-03","172","174","169","169","-2.87","859"
"MLBL","2019-01-31","172","174","170","174","1.16","4482"
"MLBL","2019-01-30","173","173","171","172","-0.58","1241"
"MLBL","2019-01-29","170","173","169","173","1.76","5147"
"MLBL","2019-01-28","169","170","167","170","0.59","2112"
"MLBL","2019-01-27","171","171","168","169","-1.17","1991"
"MLBL","2019-01-24","170","171","169","171","0.59","1575"
"MLBL","2019-01-23","170","172","169","170","0.00","2372"
"MLBL","2019-01-22","168","171","167","170","1.19","1756"
"MLBL","2019-01-21","171","171","168","168","-1.75","1040"
"MLBL","2019-01-20","170","171","170","171","0.59","1420"
"MLBL","2019-01-17","172","172","170","170","-1.16","8891"
"MLBL","2019-01-16","175","175","168","172","-1.71","1490"
"MLBL","2019-01-15","167","175","167","175","4.79","2426"
"MLBL","2019-01-14","167","170","166","167","0.00","1636"
"MLBL","2019-01-13","168","169","167","167","-0.60","1342"
"MLBL","2019-01-10","168","170","167","168","0.00","1373"
"MLBL","2019-01-09","169","170","168","168","-0.59","5310"
"MLBL","2019-01-08","169","169","168","169","0.00","801"
"MLBL","2019-01-06","168","169","168","168","0.00","846"
"MLBL","2019-01-03","169","170","167","168","-0.59","1470"
"MLBL","2019-01-02","171","171","169","169","-1.17","2283"
"MLBL","2019-01-01","169","171","169","171","1.18","395"
"MLBL","2018-12-31","173","173","169","169","-2.31","5635"
"MLBL","2018-12-30","174","175","169","173","-0.57","2574"
"MLBL","2018-12-27","176","179","174","174","-1.14","5884"
"MLBL","2018-12-26","169","176","169","176","4.14","2463"
"MLBL","2018-12-25","173","173","168","169","-2.31","234"
"MLBL","2018-12-24","175","175","172","173","-1.14","1796"
"MLBL","2018-12-23","168","176","168","175","4.17","4220"
"MLBL","2018-12-20","167","172","167","168","0.60","3339"
"MLBL","2018-12-19","168","169","167","167","-0.60","2507"
"MLBL","2018-12-18","175","175","167","168","-4.00","3067"
"MLBL","2018-12-17","170","175","170","175","2.94","885"
"MLBL","2018-12-16","170","173","170","170","0.00","1806"
"MLBL","2018-12-13","167","170","167","170","1.80","2730"
"MLBL","2018-12-12","170","171","166","167","-1.76","804"
"MLBL","2018-12-11","166","170","166","170","2.41","1061"
"MLBL","2018-12-10","164","169","164","166","1.22","8500"
"MLBL","2018-12-09","166","168","163","164","-1.20","7286"
"MLBL","2018-12-06","166","169","165","166","0.00","7375"
"MLBL","2018-12-04","172","172","167","172","0.00","11000"
"MLBL","2018-12-03","171","173","170","172","0.58","1746"
"MLBL","2018-12-02","173","174","171","171","-1.16","4675"
"MLBL","2018-11-29","174","177","172","173","-0.57","592"
"MLBL","2018-11-28","175","176","172","174","-0.57","842"
"MLBL","2018-11-27","171","175","171","175","2.34","1967"
"MLBL","2018-11-26","176","176","171","171","-2.84","5873"
"MLBL","2018-11-25","173.4","176","173","176","1.50","1001"
"MLBL","2018-11-22","174","176","173","173","-0.57","2590"
"MLBL","2018-11-21","173","176","173","176","1.73","2816"
"MLBL","2018-11-20","177","179","173","173","-2.26","4677"
"MLBL","2018-11-19","180","180","176","177","-1.67","4078"
"MLBL","2018-11-18","180","180","178","180","0.00","2072"
"MLBL","2018-11-15","181","181","178","180","-0.55","4421"
"MLBL","2018-11-14","178","181","177","181","1.69","1626"
"MLBL","2018-11-05","173","180","173","180","2.27","583"
"MLBL","2018-11-04","176","178","176","176","-1.68","3783"
"MLBL","2018-11-01","176","179","176","179","0.56","1203"
"MLBL","2018-10-31","178","180","177","178","-1.11","5100"
"MLBL","2018-10-30","180","180","177","180","1.69","7531"
"MLBL","2018-10-29","173","178","173","177","0.57","1367"
"MLBL","2018-10-28","180","180","175","176","-1.68","9458"
"MLBL","2018-10-25","178","180","178","179","-1.10","2116"
"MLBL","2018-10-24","180","181","180","181","0.56","1800"
"MLBL","2018-10-23","180","180","178","180","-1.64","8023"
"MLBL","2018-10-22","177","183","175","183","2.81","2890"
"MLBL","2018-10-21","176","179","176","178","-0.56","835"
"MLBL","2018-10-15","182","182","179","179","-1.10","8240"
"MLBL","2018-10-14","177","181","176","181","2.26","4835"
"MLBL","2018-10-11","172","177","172","177","1.72","213"
"MLBL","2018-10-10","173","174","173","174","-0.57","850"
"MLBL","2018-10-09","176","177","174","175","1.16","1125"
"MLBL","2018-10-08","172","174","172","173","-1.14","5955"
"MLBL","2018-10-07","178","178","171","175","-1.13","1983"
"MLBL","2018-10-04","171","177","171","177","2.31","3180"
"MLBL","2018-10-03","177","177","173","173","-2.26","10721"
"MLBL","2018-10-02","177","178","177","177","0.00","3816"
"MLBL","2018-10-01","178","180","176","176","-1.67","7455"
"MLBL","2018-09-30","192","189","179","180","-6.25","32068"
"MLBL","2018-09-27","203","207","202","207","1.47","39980"
"MLBL","2018-09-26","205","205","202","204","-0.49","12261"
"MLBL","2018-09-25","201","204","199","203","2.53","32714"
"MLBL","2018-09-23","196","198","195","198","0.00","36147"
"MLBL","2018-09-20","193","198","193","198","1.54","13112"
"MLBL","2018-09-18","195","196","193","195","0.00","6281"
"MLBL","2018-09-17","194","197","194","195","-0.51","3297"
"MLBL","2018-09-16","193","200","193","196","1.03","9779"
"MLBL","2018-09-13","192","196","192","194","-0.51","8604"
"MLBL","2018-09-12","190","195","187","195","1.04","58808"
"MLBL","2018-09-11","193","196","193","193","1.58","9235"
"MLBL","2018-09-10","191","192","190","190","-0.52","700"
"MLBL","2018-09-09","196","196","191","193","-1.04","7286"
"MLBL","2018-09-06","197","198","192","193","-2.03","13635"
"MLBL","2018-09-05","191","197","191","197","2.07","13353"
"MLBL","2018-09-04","191","194","190","193","1.58","17813"
"MLBL","2018-09-03","193","195","190","190","-0.52","8466"
"MLBL","2018-09-02","191","194","190","191","0.00","8213"
"MLBL","2018-08-30","192","192","190","191","0.00","7807"
"MLBL","2018-08-29","191","193","189","191","0.53","8879"
"MLBL","2018-08-28","193","199","190","190","0.00","48038"
"MLBL","2018-08-26","188","193","188","190","1.60","2747"
"MLBL","2018-08-23","187","190","187","187","-1.06","5839"
"MLBL","2018-08-22","190","194","187","189","-2.07","7306"
"MLBL","2018-08-21","187","193","187","192","1.58","1404"
"MLBL","2018-08-20","187","191","186","190","0.00","2738"
"MLBL","2018-08-19","196","196","190","190","-1.55","2713"
"MLBL","2018-08-16","195","195","192","193","-2.53","9905"
"MLBL","2018-08-15","191","198","189","198","3.12","5405"
"MLBL","2018-08-14","187","192","187","191","2.13","3020"
"MLBL","2018-08-13","185","188","182","188","1.62","2536"
"MLBL","2018-08-12","185","188","185","185","-0.54","4359"
"MLBL","2018-08-09","190","190","186","186","-1.59","4326"
"MLBL","2018-08-08","189","189","188","189","-0.53","2361"
"MLBL","2018-08-07","191","192","189","190","0.00","5485"
"MLBL","2018-08-06","190","190","187","190","-1.55","3584"
"MLBL","2018-08-05","188","193","188","193","3.76","7573"
"MLBL","2018-08-02","189","189","184","186","0.00","5852"
"MLBL","2018-08-01","182","188","182","186","2.20","14857"
"MLBL","2018-07-31","183","185","182","182","-0.55","8703"
"MLBL","2018-07-30","178","183","178","183","2.23","12993"
"MLBL","2018-07-29","180","181","179","179","-0.56","22470"
"MLBL","2018-07-26","178","186","178","180","2.86","12252"
"MLBL","2018-07-25","176","178","175","175","0.00","3191"
"MLBL","2018-07-24","175","181","173","175","0.00","4460"
"MLBL","2018-07-23","175","177","174","175","1.16","3852"
"MLBL","2018-07-22","172","176","171","173","0.00","3398"
"MLBL","2018-07-19","172","174","172","173","0.00","1188"
"MLBL","2018-07-18","171","173","171","173","-0.57","1243"
"MLBL","2018-07-17","172","174","171","174","1.75","636"
"MLBL","2018-07-16","170","173","170","171","0.59","140"
"MLBL","2018-07-15","166","170","165","170","0.59","8257"
"MLBL","2018-07-12","172","173","169","169","-1.17","1231"
"MLBL","2018-07-11","168","171","168","171","0.00","4214"
"MLBL","2018-07-10","167","175","167","171","0.59","5195"
"MLBL","2018-07-09","179","179","169","170","-4.49","1928"
"MLBL","2018-07-08","172","178","172","178","1.71","46695"
"MLBL","2018-07-05","168","175","168","174","3.55","11065"
"MLBL","2018-07-04","169","170","167","169","-0.59","2733"
"MLBL","2018-07-03","164","170","164","170","1.80","10924"
"MLBL","2018-07-02","163","167","163","167","0.60","614"
"MLBL","2018-07-01","182","188","182","186","2.20","14857"
"MLBL","2018-06-28","170","170","168","169","0.00","7246"
"MLBL","2018-06-27","169","169","169","169","1.81","100"
"MLBL","2018-06-26","168","168","165","166","-1.78","1134"
"MLBL","2018-06-25","172","172","169","169","-0.59","6920"
"MLBL","2018-06-24","168","173","168","170","1.80","11993"
"MLBL","2018-06-21","166","169","165","167","-0.60","5060"
"MLBL","2018-06-20","168","168","165","168","0.60","3358"
"MLBL","2018-06-19","167","167","165","167","0.00","4660"
"MLBL","2018-06-18","165","168","165","167","1.21","540"
"MLBL","2018-06-17","171","175","165","167","-1.79","3021"
"MLBL","2018-06-14","168","173","168","170","-0.59","2780"
"MLBL","2018-06-13","168","171","165","169","-0.59","806"
"MLBL","2018-06-12","170","172","170","170","0.00","131"
"MLBL","2018-06-11","170","175","168","170","-1.16","17492"
"MLBL","2018-06-10","173","174","172","172","-1.71","4250"
"MLBL","2018-06-07","176","178","173","175","-1.69","6995"
"MLBL","2018-06-06","178","181","178","178","1.71","2835"
"MLBL","2018-06-04","177","177","175","175","-1.13","200"
"MLBL","2018-06-03","179","179","176","177","-0.56","4008"
"MLBL","2018-05-31","180","181","178","179","-2.73","3761"
"MLBL","2018-05-30","181","187","181","183","-0.54","4623"
"MLBL","2018-05-29","180","185","180","184","1.66","6283"
"MLBL","2018-05-28","177","183","175","181","2.26","49155"
"MLBL","2018-05-27","177","180","176","177","-1.12","1293"
"MLBL","2018-05-24","180","180","179","179","-0.56","3814"
"MLBL","2018-05-23","181","183","180","181","-0.55","2440"
"MLBL","2018-05-22","180","182","180","181","0.00","952"
"MLBL","2018-05-21","179","183","179","181","-0.55","684"
"MLBL","2018-05-20","185","186","182","182","-0.55","5820"
"MLBL","2018-05-17","183","185","182","183","0.55","2167"
"MLBL","2018-05-16","181","184","181","182","0.55","2095"
"MLBL","2018-05-15","179","181","179","181","0.00","165"
"MLBL","2018-05-14","184","184","181","181","-1.63","2393"
"MLBL","2018-05-10","185","185","181","184","-0.54","5432"
"MLBL","2018-05-09","186","189","183","185","-0.54","6832"
"MLBL","2018-05-08","183","186","181","186","1.09","3600"
"MLBL","2018-05-07","183","184","180","184","0.00","1918"
"MLBL","2018-05-06","185","187","183","184","-1.60","3607"
"MLBL","2018-05-03","190","190","185","187","0.00","4105"
"MLBL","2018-05-02","185","188","179","187","1.08","4070"
"MLBL","2018-04-29","181","187","181","185","0.54","5617"
"MLBL","2018-04-26","185","185","184","184","-1.08","4360"
"MLBL","2018-04-25","188","190","184","186","-2.11","11315"
"MLBL","2018-04-24","195","195","187","190","-1.55","2370"
"MLBL","2018-04-23","199","201","189","193","-3.02","9281"
"MLBL","2018-04-22","196","199","190","199","1.53","18742"
"MLBL","2018-04-19","198","201","192","196","0.51","20831"
"MLBL","2018-04-18","195","205","190","195","1.56","16332"
"MLBL","2018-04-17","186","192","183","192","3.23","24335"
"MLBL","2018-04-16","174","186","174","186","7.51","12232"
"MLBL","2018-04-15","176","176","173","173","-1.70","1975"
"MLBL","2018-04-12","171","176","168","176","1.73","2437"
"MLBL","2018-04-11","172","177","170","173","-1.14","2106"
"MLBL","2018-04-10","177","177","175","175","-2.78","1955"
"MLBL","2018-04-09","185","185","180","180","-1.64","4893"
"MLBL","2018-04-08","180","190","179","183","2.23","7069"
"MLBL","2018-04-05","175","179","173","179","2.29","7369"
"MLBL","2018-04-04","170","175","169","175","4.79","10464"
"MLBL","2018-04-03","171","171","165","167","-0.60","6100"
"MLBL","2018-04-02","161","169","161","168","2.44","4112"
"MLBL","2018-04-01","168","169","164","165","-3.53","3865"
"MLBL","2018-03-29","170","172","168","170","1.80","9531"
"MLBL","2018-03-28","165","169","164","167","0.60","11053"
"MLBL","2018-03-27","161","169","158","166","3.75","14083"
"MLBL","2018-03-26","165","173","160","160","-4.76","17218"
"MLBL","2018-03-22","174","175","168","168","-3.45","22227"
"MLBL","2018-03-21","173","176","173","174","-0.57","1519"
"MLBL","2018-03-20","173","176","173","175","-0.57","4795"
"MLBL","2018-03-19","173","177","173","176","0.57","33501"
"MLBL","2018-03-18","179","179","175","175","-2.23","9491"
"MLBL","2018-03-15","175","181","175","179","0.56","11346"
"MLBL","2018-03-14","176","178","175","178","0.56","1271"
"MLBL","2018-03-13","177","177","174","177","0.00","2049"
"MLBL","2018-03-12","182","179","173","177","-2.75","3114"
"MLBL","2018-03-11","182","182","177","182","0.00","493"
"MLBL","2018-03-07","184","187","182","182","-1.09","6764"
"MLBL","2018-03-06","178","184","173","184","4.54","9284"
"MLBL","2018-03-04","182","182","173","179","-3.24","3794"
"MLBL","2018-02-28","184","185","182","185","-1.07","3650"
"MLBL","2018-02-27","185","189","182","187","0.54","8501"
"MLBL","2018-02-26","186","187","185","186","-1.06","5821"
"MLBL","2018-02-25","189","190","188","188","-1.05","4542"
"MLBL","2018-02-22","189","191","189","190","0.00","5376"
"MLBL","2018-02-21","187","191","187","190","0.00","1584"
"MLBL","2018-02-20","191","192","189","190","0.00","4636"
"MLBL","2018-02-18","195","194","190","190","-2.56","2323"
"MLBL","2018-02-15","191","197","191","195","3.72","6611"
"MLBL","2018-02-14","190","190","187","188","-1.05","2559"
"MLBL","2018-02-12","189","190","188","190","-0.52","704"
"MLBL","2018-02-11","187","191","187","191","0.53","785"
"MLBL","2018-02-08","187","192","187","190","0.00","14424"
"MLBL","2018-02-07","190","190","186","190","0.00","2861"
"MLBL","2018-02-06","193","193","188","190","0.00","2274"
"MLBL","2018-02-05","195","195","189","190","-1.04","673"
"MLBL","2018-02-04","189","193","189","192","2.13","4319"
"MLBL","2018-02-01","190","190","188","188","0.00","1722"
"MLBL","2018-01-31","190","190","187","188","0.53","4939"
"MLBL","2018-01-29","190","190","183","187","0.00","4012"
"MLBL","2018-01-28","183","187","183","187","1.63","4781"
"MLBL","2018-01-25","184","184","181","184","-1.60","1709"
"MLBL","2018-01-24","182","187","182","187","2.75","4993"
"MLBL","2018-01-23","181","183","181","182","0.00","2621"
"MLBL","2018-01-22","180","184","180","182","0.55","6425"
"MLBL","2018-01-21","180","183","180","181","1.12","9708"
"MLBL","2018-01-17","173","180","173","179","1.70","7672"
"MLBL","2018-01-16","180","180","175","176","-3.30","12970"
"MLBL","2018-01-14","188","190","182","182","-4.21","13679"
"MLBL","2018-01-10","190","191","189","190","-1.55","3636"
"MLBL","2018-01-09","191","194","190","193","1.05","3998"
"MLBL","2018-01-08","190","191","187","191","0.00","2423"
"MLBL","2018-01-07","190","194","189","191","-0.52","5112"
"MLBL","2018-01-04","188","193","187","192","2.13","3548"
"MLBL","2018-01-03","189","190","188","188","-2.08","2444"
"MLBL","2018-01-02","191","195","191","192","1.05","7639"
"MLBL","2018-01-01","193","193","190","190","0.00","14903"
"MLBL","2017-12-31","195","195","186","190","-4.04","6141"
"MLBL","2017-12-28","191","198","188","198","2.06","21316"
"MLBL","2017-12-27","198","199","193","194","-3.48","8210"
"MLBL","2017-12-26","205","205","196","201","-1.47","13141"
"MLBL","2017-12-24","208","208","202","204","-0.97","7452"
"MLBL","2017-12-21","205","206","202","205","-1.44","2483"
"MLBL","2017-12-20","210","210","206","209","1.46","3428"
"MLBL","2017-12-19","209","213","206","207","-1.90","4395"
"MLBL","2017-12-18","210","210","207","210","0.00","8818"
"MLBL","2017-12-17","208","215","208","210","1.45","4564"
"MLBL","2017-12-14","210","210","208","208","-1.42","660"
"MLBL","2017-12-13","212","212","208","211","-0.47","2909"
"MLBL","2017-12-12","211","212","210","212","-0.93","950"
"MLBL","2017-12-11","206","218","206","214","1.90","4518"
"MLBL","2017-12-10","210","214","210","210","0.96","550"
"MLBL","2017-12-06","208","212","208","208","0.00","8391"
"MLBL","2017-12-05","210","212","208","208","-1.42","2384"
"MLBL","2017-12-04","209","211","208","211","-0.94","730"
"MLBL","2017-11-30","215","218","212","213","-0.93","4579"
"MLBL","2017-11-29","211","218","210","215","1.42","3007"
"MLBL","2017-11-28","212","213","209","212","-0.93","3325"
"MLBL","2017-11-27","208","214","208","214","0.94","1748"
"MLBL","2017-11-26","206","213","203","212","2.91","6835"
"MLBL","2017-11-23","207","214","204","206","-0.48","4963"
"MLBL","2017-11-22","208","208","205","207","1.47","9276"
"MLBL","2017-11-21","202","208","202","205","-0.49","2745"
"MLBL","2017-11-20","209","209","205","205","-2.38","9937"
"MLBL","2017-11-19","211","212","209","210","-0.47","1755"
"MLBL","2017-11-16","213","213","208","211","-2.31","1735"
"MLBL","2017-11-15","220","220","215","220","-1.82","6802"
"MLBL","2017-11-14","219","220","217","219","0.00","5617"
"MLBL","2017-11-13","220","222","217","220","1.38","3594"
"MLBL","2017-11-12","209","217","209","217","3.83","5340"
"MLBL","2017-11-09","212","212","204","209","-3.24","9096"
"MLBL","2017-11-08","216","218","214","216","-1.82","4171"
"MLBL","2017-11-07","222","223","218","220","0.92","5953"
"MLBL","2017-11-06","219","223","217","218","-0.46","11221"
"MLBL","2017-11-05","225","225","219","220","-1.79","5728"
"MLBL","2017-11-02","221","224","221","223","0.90","2245"
"MLBL","2017-11-01","221","225","221","221","-0.45","2697"
"MLBL","2017-10-31","221","226","221","222","-0.45","5081"
"MLBL","2017-10-30","221","226","221","224","-0.45","15472"
"MLBL","2017-10-29","223","227","223","224","0.45","4374"
"MLBL","2017-10-25","225","225","221","223","-0.45","2109"
"MLBL","2017-10-24","226","227","223","224","-0.88","7539"
"MLBL","2017-10-23","227","229","223","226","-0.44","9180"
"MLBL","2017-10-22","227","231","225","227","0.00","8875"
"MLBL","2017-10-18","222","228","222","227","1.34","9833"
"MLBL","2017-10-17","229","229","219","225","-1.32","10538"
"MLBL","2017-10-16","220","228","220","227","3.18","12111"
"MLBL","2017-10-15","217","225","217","220","1.38","10365"
"MLBL","2017-10-12","216","224","216","218","-0.46","10594"
"MLBL","2017-10-11","220","223","218","219","-0.91","6723"
"MLBL","2017-10-10","219","224","219","220","0.46","2470"
"MLBL","2017-10-09","219","219","214","219","-0.45","15913"
"MLBL","2017-10-08","218","220","215","220","-0.90","24867"
"MLBL","2017-10-04","225","225","222","222","-1.77","3692"
"MLBL","2017-10-03","221","226","216","226","0.89","6800"
"MLBL","2017-09-26","222","227","222","224","0.45","8594"
"MLBL","2017-09-25","224","227","220","223","0.45","6592"
"MLBL","2017-09-24","222","225","220","222","-0.89","8815"
"MLBL","2017-09-20","224","224","220","224","-1.75","10210"
"MLBL","2017-09-18","229","229","220","227","1.33","12721"
"MLBL","2017-09-17","218","227","218","225","2.27","11085"
"MLBL","2017-09-14","221","230","215","220","0.92","35355"
"MLBL","2017-09-13","223","224","218","218","-0.46","10069"
"MLBL","2017-09-12","220","225","216","219","-1.79","10514"
"MLBL","2017-09-11","219","225","218","223","1.36","15650"
"MLBL","2017-09-10","223","225","218","220","-3.08","23074"
"MLBL","2017-09-07","233","233","224","227","-2.58","26831"
"MLBL","2017-09-06","234","235","226","233","1.30","18204"
"MLBL","2017-09-04","226","239","225","230","0.00","124846"
"MLBL","2017-08-31","234","238","228","230","-1.71","32649"
"MLBL","2017-08-30","242","242","229","234","-1.68","32015"
"MLBL","2017-08-28","244","245","234","238","-2.86","20147"
"MLBL","2017-08-27","248","252","242","245","-1.21","25857"
"MLBL","2017-08-24","245","249","245","248","1.22","14584"
"MLBL","2017-08-23","245","252","244","245","-1.21","6056"
"MLBL","2017-08-22","249","255","244","248","0.81","8606"
"MLBL","2017-08-21","250","251","241","246","-1.20","4225"
"MLBL","2017-08-20","255","256","245","249","-2.35","12602"
"MLBL","2017-08-17","253","258","250","252","0.79","18577"
"MLBL","2017-08-16","269","274","250","253","-4.17","61187"
"MLBL","2017-08-15","244","264","244","264","10.00","112861"
"MLBL","2017-08-13","219","240","223","240","9.59","192"
"MLBL","2017-03-14","240","240","226","228","-5.00","19713"
"MLBL","2017-03-13","248","248","238","241","-3.23","9135"
"MLBL","2017-03-09","248","248","248","248","-1.20","122"
"MLBL","2017-03-07","253","253","251","251","0.80","194"
"MLBL","2017-03-06","256","256","248","249","-2.73","5126"
"MLBL","2017-03-05","255","261","253","256","2.40","7909"
"MLBL","2017-03-02","250","258","250","250","0.00","13144"
"MLBL","2017-03-01","246","259","245","250","0.81","7707"
"MLBL","2017-02-28","254","261","246","248","-4.25","310966"
"MLBL","2017-02-26","265","265","250","259","-0.38","19321"
"MLBL","2017-02-23","252","271","252","260","3.59","42316"
"MLBL","2017-02-22","235","252","232","251","6.81","23669"
"MLBL","2017-02-21","239","246","235","235","0.00","11285"
"MLBL","2017-02-20","244","244","233","235","-2.08","6048"
"MLBL","2017-02-19","237","242","234","240","0.00","7194"
"MLBL","2017-02-16","234","244","230","240","1.69","10039"
"MLBL","2017-02-15","228","238","227","236","5.36","9269"
"MLBL","2017-02-14","228","232","220","224","-1.75","10215"
"MLBL","2017-02-13","217","232","201","228","3.17","9848"
"MLBL","2017-02-12","236","236","220","221","-7.92","12830"
"MLBL","2017-02-09","249","251","231","240","-2.04","24264"
"MLBL","2017-02-08","236","245","231","245","5.60","11204"
"MLBL","2017-02-07","234","234","228","230","-0.85","2431"
"MLBL","2017-02-06","223","235","223","234","3.54","16214"
"MLBL","2017-02-05","231","235","223","226","-0.44","10333"
"MLBL","2017-02-02","230","234","226","227","0.44","3069"
"MLBL","2017-02-01","206","226","204","226","9.71","6666"
"MLBL","2017-01-31","206","214","204","206","1.98","5814"
"MLBL","2017-01-30","223","223","202","202","-7.76","5572"
"MLBL","2017-01-26","221","224","213","219","-2.67","7305"
"MLBL","2017-01-25","236","240","217","225","-6.25","13164"
"MLBL","2017-01-24","250","250","240","240","-5.88","10304"
"MLBL","2017-01-23","265","265","250","255","-4.85","21929"
"MLBL","2017-01-22","266","268","260","268","-0.37","11336"
"MLBL","2017-01-19","269","274","265","269","-0.37","15912"
"MLBL","2017-01-18","270","270","265","270","-1.10","15196"
"MLBL","2017-01-17","257","273","255","273","5.00","21098"
"MLBL","2017-01-16","271","271","260","262","-5.80","5861"
"MLBL","2017-01-15","285","285","272","276","-1.43","5691"
"MLBL","2017-01-12","284","284","280","280","-1.41","1685"
"MLBL","2017-01-11","289","294","279","284","0.00","12035"
"MLBL","2017-01-10","300","300","276","284","-7.19","70481"
"MLBL","2017-01-09","345","358","306","306","-9.73","9577"